open,high,low,close
27.92,28.325,27.92,28.185
28.26,28.26,27.93,28.07
28.0,28.275,27.975,28.13
28.23,28.23,27.75,27.915
27.765,27.905,27.675,27.775
27.805,27.85,27.085,27.17
27.18,27.305,27.01,27.225
27.3,27.42,26.59,26.655
26.535,26.82,26.26,26.675
26.85,27.105,26.64,27.085
27.2,27.355,26.6,26.605
26.715,26.93,26.425,26.64
26.625,27.4875,26.54,27.285
27.325,27.585,27.225,27.425
27.315,27.465,27.0,27.435
27.385,27.86,27.33,27.85
28.0,28.4,28.0,28.255
28.38,28.745,28.325,28.55
28.55,29.25,28.545,29.125
29.335,29.485,29.0725,29.335
29.2,29.465,29.165,29.305
29.225,29.275,28.99,29.14
29.165,29.4,29.14,29.2925
29.26,29.375,28.705,28.84
28.68,28.93,28.63,28.83
28.53,28.71,28.375,28.465
28.255,28.49,27.98,28.415
28.61,28.805,28.5,28.715
28.65,28.71,28.375,28.525
28.65,28.875,28.58,28.69
28.765,28.915,28.075,28.345
28.495,28.58,28.355,28.525
28.43,28.475,28.105,28.455
28.465,28.63,28.43,28.475
28.565,28.67,28.325,28.435
28.595,29.165,28.575,29.13
29.2,29.45,28.69,28.85
28.805,29.155,28.805,29.055
28.605,28.9382,28.3592,28.9
28.915,29.06,28.73,29.06
28.98,29.0,28.59,28.705
28.82,29.155,28.8045,28.9
28.975,29.495,28.9,29.2875
29.355,29.855,29.3,29.545
29.33,29.72,28.8,28.855
28.97,29.47,28.86,29.28
29.015,29.275,28.825,29.085
29.18,29.24,28.75,28.86
28.79,29.29,28.77,29.2025
29.21,29.435,28.99,29.32
29.42,29.95,29.3899,29.695
29.845,29.985,29.565,29.915
30.0,30.32,29.955,30.25
29.65,30.195,29.6,30.0
30.175,30.46,30.065,30.29
30.315,30.455,30.155,30.42
30.275,30.34,29.975,30.07
30.22,30.34,29.8,30.19
30.425,30.985,30.35,30.935
31.0,31.24,30.96,31.24
31.265,31.265,30.855,31.095
31.17,31.22,30.865,31.205
31.33,31.45,31.02,31.18
31.285,31.595,31.195,31.5485
31.6,31.615,31.305,31.41
31.46,31.785,31.39,31.76
31.6592,32.1,31.61,32.035
32.0,32.0325,31.725,31.775
31.885,32.07,31.75,32.065
32.015,32.305,31.89,31.915
32.02,32.23,31.94,32.125
32.075,32.465,31.98,32.075
31.845,31.91,31.515,31.76
31.54,31.7,31.305,31.68
32.105,32.35,32.02,32.13
31.895,32.05,31.5575,31.815
31.935,32.0221,31.7275,31.735
31.605,32.1725,31.395,31.57
31.63,31.77,31.31,31.73
31.305,32.07,31.305,31.665
31.52,31.65,31.155,31.17
31.175,31.5275,31.16,31.51
31.705,32.545,31.705,32.52
32.83,33.155,32.74,33.055
32.735,33.0525,32.655,32.71
32.91,33.0,32.13,32.225
32.27,33.095,32.035,32.985
32.975,33.335,32.725,32.8
33.095,33.28,32.8575,33.015
33.0,33.565,32.975,33.5475
33.51,33.74,33.205,33.205
32.91,33.16,32.52,32.61
32.855,32.96,32.115,32.345
32.0,32.289,31.59,32.005
32.265,32.68,32.22,32.37
32.685,33.3546,32.4455,32.9
33.135,33.25,32.825,32.845
32.755,33.125,32.7,32.755
33.045,33.245,32.91,33.12
33.12,33.6,33.04,33.395
33.215,33.84,33.2,33.65
33.935,34.0,33.45,33.86
33.97,34.41,33.94,34.145
34.45,34.5,33.995,34.065
33.935,34.06,33.725,34.05
34.34,34.7575,34.175,34.67
34.62,34.86,34.39,34.86
34.845,34.95,34.765,34.83
34.82,34.86,34.54,34.76
34.87,34.9076,33.945,34.1
34.225,34.505,34.02,34.24
34.285,34.555,34.2,34.395
34.54,34.605,34.275,34.51
34.62,34.66,33.725,33.83
34.06,34.215,33.15,33.305
33.47,34.15,33.365,34.085
36.3,36.76,35.925,36.68
36.375,36.54,36.05,36.225
36.45,36.49,35.855,35.965
36.07,36.25,35.61,35.6445
36.135,36.865,36.04,36.74
36.75,37.135,36.58,37.115
37.11,37.135,36.855,36.985
36.83,36.925,36.39,36.4
36.18,36.575,36.0825,36.095
36.385,36.7,36.2,36.47
36.295,36.6154,36.26,36.4
36.14,36.565,36.125,36.465
36.545,36.545,35.9674,36.32
36.29,36.29,35.895,35.925
35.655,35.675,35.155,35.37
35.49,35.695,35.275,35.355
35.29,35.6475,35.09,35.145
35.18,35.5125,35.0558,35.33
35.21,35.7,35.14,35.3565
35.54,36.13,35.505,35.95
36.0325,36.095,35.79,35.985
36.035,36.105,35.8,35.94
35.45,35.685,35.055,35.08
35.045,35.66,34.93,35.48
35.365,35.92,35.25,35.59
35.69,35.7,35.165,35.26
35.85,36.07,35.595,35.8
35.71,36.135,35.5455,36.07
36.125,36.38,36.005,36.025
36.185,36.325,35.465,35.785
35.84,36.245,35.835,36.22
36.49,37.16,36.465,37.1075
37.165,37.7499,37.165,37.695
37.75,37.955,37.5603,37.835
37.795,37.85,37.325,37.785
38.285,38.3,37.43,37.62
37.63,38.12,37.585,38.02
37.94,38.81,37.775,38.665
38.76,38.9225,38.15,38.175
38.13,38.5,38.035,38.06
38.055,38.19,37.535,37.68
37.765,38.655,37.739,38.275
38.42,38.505,38.0352,38.17
38.32,38.6395,38.16,38.59
38.455,38.74,38.2,38.665
38.25,38.5425,38.025,38.485
38.49,38.67,38.28,38.58
38.295,38.615,38.105,38.595
38.48,38.73,38.16,38.435
38.4,38.73,38.255,38.7
38.3,38.695,38.205,38.4305
38.555,39.015,37.72,37.765
37.695,37.9,37.2263,37.63
38.145,38.655,38.065,38.56
38.61,38.92,38.44,38.91
38.7675,39.16,38.625,39.05
38.915,38.9475,38.3,38.355
38.6,39.1125,38.445,39.02
38.835,39.425,38.725,39.3675
39.635,39.835,39.485,39.655
39.555,39.955,39.335,39.73
39.95,40.54,39.8,40.45
40.225,40.425,39.945,40.025
39.68,39.72,39.255,39.525
39.735,40.0,39.635,39.98
40.1,40.215,39.2625,39.355
39.605,39.81,39.525,39.81
40.315,40.425,39.88,40.415
39.345,40.81,39.2859,40.525
40.77,40.77,39.835,40.185
40.375,40.39,40.105,40.185
40.18,41.17,40.075,40.995
41.195,41.25,40.485,40.565
40.65,40.675,39.5,39.535
39.755,40.625,39.7,40.6
40.6,40.71,40.49,40.495
40.38,40.5249,40.06,40.3075
39.62,40.75,39.595,40.7305
40.765,40.77,40.3925,40.57
40.625,40.725,40.39,40.595
40.51,40.67,40.105,40.27
40.005,40.46,39.93,39.96
40.065,40.125,39.66,39.845
39.9,40.825,39.875,40.765
40.85,40.85,40.55,40.675
40.685,40.74,40.255,40.355
40.43,40.825,40.2025,40.755
40.695,40.955,40.6,40.81
40.925,41.185,40.685,40.73
40.745,40.8445,40.455,40.535
40.37,40.5775,40.145,40.275
40.195,40.36,39.72,39.75
39.78,40.125,39.665,39.86
40.2975,40.375,39.855,39.97
40.13,40.23,39.8025,39.865
39.495,39.535,38.34,38.69
38.8,38.9975,38.145,38.2
38.14,38.545,38.0,38.24
38.415,38.465,38.045,38.175
38.015,38.49,37.955,38.23
38.29,38.29,37.955,38.045
38.065,38.845,38.05,38.84
39.12,39.25,38.51,38.575
38.76,38.99,38.622,38.83
38.985,39.17,38.675,39.16
39.05,39.375,38.975,39.285
39.365,39.5125,39.2195,39.44
39.645,39.65,39.23,39.285
39.395,39.415,38.93,39.275
39.215,39.39,39.005,39.195
39.035,39.135,38.5025,38.585
38.74,38.885,38.47,38.475
38.45,38.675,38.005,38.085
38.325,38.705,38.235,38.605
38.64,39.0735,38.595,39.015
39.035,39.05,38.4,38.8
38.78,38.995,38.475,38.835
38.69,38.695,37.38,37.56
37.56,38.1775,37.375,37.73
37.77,38.165,37.705,38.095
37.91,38.0975,37.565,37.645
37.5,37.73,37.335,37.45
37.525,37.535,36.63,36.825
36.975,37.1,36.77,36.8
36.74,36.865,35.84,36.695
37.365,38.08,37.055,37.49
37.615,37.615,37.01,37.105
37.285,37.3975,36.835,36.945
36.75,36.83,35.73,35.78
36.14,36.215,35.655,35.955
35.445,35.9705,35.435,35.56
35.5,35.755,34.335,34.485
35.0,35.6,34.685,35.325
35.045,35.37,34.805,35.245
35.33,36.4,35.28,36.18
36.805,37.245,36.345,37.0175
37.155,37.59,37.155,37.4
37.435,37.595,36.895,37.25
37.245,37.53,36.85,36.955
36.78,37.345,36.695,37.345
37.175,37.545,37.005,37.515
37.495,37.5,36.9675,36.985
36.92,37.14,36.615,36.66
36.7,36.855,36.24,36.775
36.89,36.93,36.26,36.28
36.33,36.44,36.01,36.28
36.25,36.33,35.275,35.275
35.4,36.11,34.975,35.89
35.81,36.12,35.715,36.095
35.77,35.9663,35.25,35.48
35.005,35.365,35.0,35.235
35.715,35.98,35.525,35.83
35.995,36.045,35.44,35.65
35.915,36.6675,35.885,36.345
36.495,36.55,36.105,36.535
36.625,36.82,36.395,36.78
36.995,37.704,36.925,37.515
37.275,37.83,37.25,37.815
37.92,38.21,37.015,37.215
37.045,37.445,37.0118,37.135
37.405,37.495,36.91,37.09
37.175,37.42,37.025,37.3
37.5,38.665,37.41,37.955
38.145,38.565,37.8,38.4775
39.105,39.32,38.31,38.355
38.45,38.555,37.605,37.885
38.22,38.255,37.145,37.305
37.465,37.495,36.76,36.77
36.535,36.98,36.345,36.7
36.645,37.03,36.525,36.85
36.95,37.2,36.585,36.69
36.82,37.49,36.705,37.005
37.175,37.185,36.62,36.835
36.93,37.17,36.41,36.545
36.775,36.945,35.66,35.775
35.6,35.69,35.025,35.215
35.32,35.8475,35.25,35.74
35.815,36.34,35.6,36.24
36.37,36.37,35.085,35.11
34.895,35.065,34.34,34.365
34.815,35.02,34.35,34.655
34.98,35.05,33.965,34.445
34.825,35.44,34.58,35.395
35.285,35.695,35.07,35.075
35.155,35.3,34.925,35.24
35.265,35.6375,35.165,35.5745
35.73,35.735,35.11,35.195
35.76,36.02,35.055,35.545
36.0,36.125,35.47,35.725
35.945,36.01,34.9,35.465
35.59,35.725,35.1325,35.32
35.31,35.38,35.06,35.31
35.375,35.6,35.16,35.56
35.625,35.7625,35.285,35.3
35.25,35.5275,35.09,35.46
35.365,35.415,34.665,34.79
34.89,34.9975,34.57,34.87
34.8,35.2475,34.67,34.79
34.85,35.155,34.7612,35.145
35.32,35.62,35.2,35.575
35.485,35.67,35.45,35.58
35.59,35.6,35.015,35.085
35.13,35.165,34.64,34.925
35.0,35.52,34.905,35.47
35.28,35.56,35.14,35.51
35.38,35.448,34.9201,35.115
35.355,35.375,35.035,35.2
35.175,35.885,35.15,35.7
36.145,36.255,35.915,35.99
36.32,36.89,36.27,36.83
36.65,36.785,36.4575,36.635
36.76,36.78,36.325,36.555
36.58,36.75,36.265,36.62
36.61,37.0275,36.58,36.925
36.86,37.175,36.79,37.09
37.06,37.35,36.82,37.335
37.18,37.57,37.1,37.36
37.53,37.77,37.4,37.665
37.69,37.7,37.325,37.59
37.625,37.72,37.16,37.3
37.07,37.435,36.925,37.4
37.345,37.35,36.865,36.98
36.935,37.4475,36.765,37.345
37.24,37.58,37.23,37.545
37.515,37.825,37.495,37.655
37.6,37.8424,37.3,37.78
38.275,38.75,38.23,38.615
38.815,38.815,38.205,38.3
38.345,38.4,38.0955,38.365
38.45,38.875,38.27,38.715
38.52,39.09,38.48,39.06
39.005,39.165,38.735,39.03
38.98,39.175,38.895,38.97
39.05,39.095,38.54,38.69
38.945,39.1,38.8,39.04
39.19,39.2045,38.955,39.095
39.195,39.7,39.07,39.53
39.39,39.69,39.305,39.345
39.32,39.45,39.125,39.28
39.27,39.74,39.1801,39.725
39.305,39.525,39.095,39.425
39.48,39.495,39.07,39.3
39.49,39.49,39.21,39.28
39.325,39.575,39.23,39.445
39.53,39.53,39.155,39.365
39.06,39.23,38.56,38.62
38.85,39.075,38.625,38.97
38.93,38.965,38.585,38.805
39.165,39.515,39.1,39.37
39.255,39.6395,39.2,39.57
39.795,40.32,39.575,40.225
39.2,39.66,39.0,39.37
39.4,39.5,39.0865,39.18
39.245,39.625,39.205,39.325
39.5,39.59,39.26,39.45
39.26,39.35,38.76,38.84
38.75,38.945,38.29,38.49
38.63,38.88,38.515,38.765
38.585,38.73,38.215,38.395
38.25,38.72,38.135,38.565
38.665,38.72,38.28,38.355
38.315,38.835,38.255,38.81
38.835,39.125,38.825,38.935
38.935,39.0718,38.76,38.91
39.05,39.05,38.565,38.62
38.74,38.75,38.08,38.31
38.61,38.64,38.185,38.455
38.595,38.93,38.59,38.795
38.9,39.1,38.8,39.06
39.005,39.235,38.87,39.015
38.905,39.085,38.695,38.735
38.62,38.8,38.525,38.64
38.82,39.11,38.755,38.985
39.005,39.215,38.8775,38.895
38.955,39.135,38.83,38.96
38.895,39.015,38.755,38.905
39.035,39.05,38.76,38.905
38.85,38.99,38.58,38.74
38.78,38.965,38.35,38.395
38.4,38.6863,38.38,38.58
38.505,38.985,38.405,38.975
38.88,38.98,38.665,38.835
38.725,38.875,38.49,38.56
38.505,38.7,38.375,38.605
38.49,38.5,38.04,38.06
37.915,38.035,37.47,37.735
37.63,37.67,37.195,37.46
37.42,37.725,37.265,37.545
37.67,37.9105,37.5525,37.67
37.795,37.945,37.5,37.865
37.985,38.165,37.885,38.035
38.025,38.025,37.165,37.3
37.145,37.44,36.89,36.9775
37.265,37.715,37.175,37.66
37.59,37.64,37.045,37.06
37.0,37.615,36.97,37.585
37.275,37.76,37.225,37.635
37.78,37.925,37.51,37.73
37.84,37.955,37.205,37.305
37.205,37.5,36.89,37.225
37.4,38.05,37.385,37.945
38.01,38.115,37.55,37.5725
37.45,37.525,37.01,37.025
37.12,37.71,36.815,37.63
37.52,37.91,37.18,37.24
37.13,37.895,37.05,37.23
37.105,37.22,36.005,36.095
36.205,36.79,36.105,36.37
36.015,36.465,35.635,36.19
35.59,36.435,35.385,36.32
36.675,36.955,36.44,36.77
36.805,37.375,36.7025,37.35
37.5,37.5925,37.07,37.18
37.24,37.4925,37.08,37.3
37.575,37.755,37.38,37.42
37.45,37.955,37.175,37.905
38.005,38.19,37.91,37.985
38.17,38.535,37.94,38.525
38.55,38.8325,38.11,38.27
38.09,38.725,38.055,38.66
37.625,38.37,37.46,37.78
37.985,38.135,37.735,38.05
37.805,38.47,37.75,38.355
38.505,38.695,38.295,38.33
38.485,38.775,38.33,38.725
38.82,39.045,38.605,38.895
38.82,38.95,38.585,38.825
38.915,39.1,38.625,38.865
38.705,39.005,38.635,38.925
39.095,39.24,38.7059,38.945
39.04,39.15,38.865,39.06
38.97,39.235,38.8225,38.915
38.815,39.0,38.6575,38.785
38.72,39.04,38.7,38.91
38.83,39.32,38.825,39.1
39.565,39.96,39.385,39.88
39.95,40.41,39.855,40.26
40.28,40.46,40.025,40.105
40.06,40.155,39.7,39.85
40.215,40.82,40.205,40.605
40.5,40.75,40.31,40.425
40.345,40.425,40.045,40.185
40.21,40.375,40.035,40.235
40.3,41.15,40.195,40.655
41.25,41.96,41.215,41.785
42.1,42.1,41.55,41.9
41.535,41.645,41.1,41.515
41.45,42.02,41.275,41.33
41.45,42.01,41.3275,41.56
41.37,41.985,41.285,41.625
41.135,41.25,40.345,40.445
40.245,40.545,39.555,39.565
39.565,40.295,39.22,40.2175
40.775,40.82,39.63,40.015
40.1,40.145,39.705,39.72
39.925,40.275,39.885,40.27
40.75,41.025,40.565,40.715
40.735,40.93,40.59,40.635
40.715,41.2,40.69,40.915
40.83,41.275,40.75,41.19
41.035,41.44,40.895,40.895
41.095,41.665,41.0,41.025
41.065,41.4875,40.445,40.72
40.07,40.335,39.745,39.94
40.17,40.195,39.28,39.615
39.875,40.615,39.7,40.59
41.165,41.65,41.01,41.245
40.495,40.755,39.56,39.895
40.145,40.415,39.91,40.115
40.74,41.07,40.065,40.435
40.025,40.39,39.805,40.21
40.3,40.45,39.595,39.79
39.63,40.39,39.5,40.305
40.4,40.735,40.165,40.6125
40.525,40.815,40.265,40.645
40.68,41.42,40.445,41.37
43.25,44.35,43.22,44.11
44.045,44.25,43.705,44.06
43.89,44.605,43.725,44.17
44.35,44.795,43.745,43.7825
44.005,44.65,43.785,44.525
44.29,44.47,43.695,43.765
43.84,44.045,42.93,43.995
43.99,44.245,43.465,44.245
44.0,44.715,43.995,44.35
44.355,44.885,44.355,44.82
44.75,44.8375,44.34,44.5
44.255,44.6035,44.07,44.41
44.685,45.69,44.665,45.59
45.58,45.895,45.3525,45.395
45.545,45.97,45.045,45.9125
45.995,45.995,45.4525,45.79
45.885,46.12,45.63,46.015
46.195,46.665,46.0,46.5
46.575,46.89,46.505,46.585
46.73,46.835,46.485,46.755
46.925,46.964,46.54,46.79
46.63,46.995,46.58,46.725
46.65,47.415,46.625,47.13
47.15,47.4113,47.04,47.275
47.395,47.4,46.635,46.7425
46.665,47.275,46.665,47.1125
47.05,47.105,46.6,47.0
46.905,47.095,46.005,46.53
46.64,46.98,46.5303,46.815
46.65,46.8475,45.94,46.1075
46.195,46.565,46.045,46.52
46.08,46.4549,45.885,46.09
46.06,46.49,45.61,45.71
45.985,46.765,45.92,46.69
46.34,47.185,46.34,46.645
47.0,47.31,46.87,47.0225
46.88,47.24,46.8,47.1925
47.0,48.285,46.675,47.92
48.38,49.6,48.19,48.88
49.245,49.45,48.505,48.73
48.94,48.95,48.355,48.685
48.555,49.165,48.38,48.9575
49.07,49.24,47.885,47.885
47.675,47.875,46.83,47.54
47.5,47.975,47.375,47.535
48.02,48.25,47.75,47.99
47.835,48.1,47.345,47.35
47.14,47.25,46.28,46.51
46.71,47.3175,46.61,47.195
46.925,47.4,46.725,47.26
47.205,47.48,46.98,47.035
46.92,47.64,46.92,47.615
47.65,47.99,47.25,47.96
48.6,48.6,47.88,48.17
48.56,48.89,48.38,48.5
48.52,48.71,47.97,48.3
48.81,48.81,48.13,48.14
48.23,48.48,48.16,48.245
47.9,48.0,47.39,47.62
47.9,48.12,47.7,47.97
48.35,48.4799,48.02,48.37
48.5,48.6,47.98,48.335
48.55,49.7,48.28,49.43
51.32,52.09,50.62,51.84
51.81,51.94,50.76,50.87
50.6,50.8,49.9801,50.61
50.42,50.95,50.2,50.65
50.63,50.68,49.43,49.58
49.95,50.42,49.68,50.29
50.3,50.93,50.27,50.445
49.94,50.05,49.36,49.405
49.68,49.7,48.57,48.93
48.74,49.55,48.72,49.35
49.99,50.4265,49.46,49.78
49.71,50.22,49.38,49.5
49.15,49.99,49.0,49.71
49.85,50.15,49.425,49.59
49.98,50.59,49.67,50.555
50.79,50.85,50.39,50.8
50.65,51.29,50.56,51.18
51.48,51.715,50.96,51.42
51.31,51.44,50.43,51.03
50.94,51.45,50.78,51.33
51.33,51.65,51.21,51.48
51.38,51.78,50.66,50.84
51.04,51.7,50.91,51.59
51.84,51.94,51.445,51.81
51.95,52.23,51.45,51.96
51.96,52.46,51.67,52.22
51.98,52.3,51.66,51.73
52.0,52.27,51.67,52.12
51.87,52.18,51.57,51.72
51.57,52.44,51.27,52.19
52.0,52.23,51.49,51.53
51.35,51.7,51.1,51.54
51.8,52.86,51.66,52.69
52.81,53.0,52.44,52.49
52.41,52.74,52.16,52.63
52.23,52.46,52.01,52.27
52.27,53.14,52.2,52.965
53.09,53.47,52.72,53.24
53.5,54.28,53.4,54.11
54.08,54.44,53.84,53.93
54.325,54.43,53.88,53.9
54.04,54.18,53.72,54.115
53.75,53.97,53.5194,53.71
54.09,54.45,54.0,54.07
54.46,54.75,54.3,54.62
53.87,54.39,53.5144,53.55
54.15,54.3,53.14,53.615
53.86,54.21,53.6,53.89
54.03,54.7,53.9501,54.24
53.64,54.405,53.63,54.305
54.29,54.54,53.36,54.375
53.86,54.02,53.3101,53.39
54.07,54.5,53.88,54.05
54.54,54.732,54.18,54.57
55.0,55.89,54.9,55.7
55.96,56.06,55.52,55.75
55.92,55.95,55.285,55.34
56.06,56.16,55.66,55.74
55.9,55.9,55.37,55.69
55.73,56.74,55.7,56.21
56.38,56.47,55.78,56.2
56.43,56.87,56.25,56.69
56.98,57.0,56.16,56.56
59.12,59.31,57.15,57.29
57.21,57.47,56.85,56.98
57.39,57.4,56.56,57.14
57.38,57.8,57.14,57.51
57.3,58.15,57.01,58.06
58.44,58.44,57.73,57.93
58.62,58.96,58.0386,58.19
58.25,58.72,58.03,58.7
59.15,59.3198,58.83,59.01
59.13,59.2,57.09,57.23
57.33,57.36,56.51,57.2
57.29,57.62600000000001,55.75,56.27
55.79,56.435,55.24,56.35
55.69,56.4,54.95,56.38
56.52,57.25,56.51,56.85
56.95,57.12,56.66,57.1
57.0,57.76,56.73,57.74
57.96,58.06,57.66,57.83
57.58,58.08,57.115,57.59
57.0,57.15,55.77,55.81
54.72,54.86,52.601000000000006,52.84
48.05,52.67,42.05,50.34
52.96,53.61,51.05,51.09
52.99,54.15,51.27,53.96
54.74,56.21,54.41,55.95
55.84,56.31,55.2,55.63
55.23,55.47,54.5,54.71
52.82,54.36,52.74,53.5
54.47,55.29,53.75100000000001,55.26
55.72,55.76,54.475,54.69
53.87,54.57,53.84,54.28
55.31,55.45,54.53,55.21
55.9,56.0,54.57,54.69
54.34,55.69,54.33,55.37
55.19,56.54,55.03,56.53
56.54,56.91,56.05,56.29
56.43,57.21,56.115,56.91
56.83,57.35,56.21,57.26
57.32,58.1,57.04,57.28
56.49,57.63,56.28,56.84
57.2,57.84,56.96,57.54
56.85,57.25,56.7,57.12
57.16,57.93,57.05,57.79
57.38,58.54,57.17,58.37
58.92,58.96,57.74,57.99
58.01,58.43,55.6201,55.77
55.85,56.3,54.81,55.72
56.4,56.9,55.61,56.84
56.99,57.5,55.89,57.48
56.99,58.09,56.5406,58.08
58.49,59.18,58.07,59.04
58.82,59.14,58.22,58.69
58.62,58.83,57.9,58.78
58.78,59.71,58.39,59.46
59.47,60.11,59.3,60.07
60.35,60.89,60.04,60.54
60.34,60.745,60.0161,60.16
60.0,60.17,58.43,58.82
58.95,59.83,58.08,59.69
59.96,60.29,59.455,59.93
60.13,61.29,59.8745,60.97
61.22,61.36,60.56,60.88
61.07,61.12,60.16,60.53
60.96,61.7099,60.17,61.49
62.11,62.8,61.6201,62.61
62.98,63.84,62.97,63.43
63.37,63.41,62.19,62.71
63.11,63.52,62.42,63.51
63.42,63.5,61.713,62.5
63.69,64.0,62.26,62.57
63.01,63.1,62.12,62.24
62.0,62.975,61.65,62.8
63.0355,63.0355,61.34,61.96
62.17,62.46,62.01,62.28
62.05,62.24,61.61,61.97
61.75,61.97,60.86,61.34
61.54,62.32,61.21,62.18
62.55,62.57,61.81,61.87
61.34,61.65,60.75,61.07
60.89,61.345,59.61,59.74
59.5,60.69,59.5,60.68
60.95,61.56,60.435,60.55
60.66,61.865,60.33,61.8
61.8,61.93,61.39,61.46
61.96,62.15,61.58,61.99
62.14,63.19,62.1,62.64
62.06,62.37,61.2199,61.96
62.05,62.5,62.0,62.19
62.19,62.38,61.93,62.18
62.1,62.29,61.201,61.39
61.08,61.68,60.51,61.37
61.63,61.71,61.115,61.22
61.37,61.4468,59.15,59.55
59.86,61.87,59.6,61.75
61.75,61.95,61.44,61.89
61.69,62.43,61.52,62.16
61.71,62.539,60.82,61.18
61.13,62.14,61.01,61.87
60.86,61.19,59.6,59.82
60.04,60.14,58.61,59.92
60.55,60.68,59.97,59.98
60.32,60.5,59.51,60.35
60.66,60.83,59.47,59.515
59.2,59.5,58.27,58.62
58.89,59.615,58.66,59.54
59.94,60.07,59.275,59.99
60.26,60.37,59.96,60.34
60.37,60.51,60.17,60.32
60.02,60.33,59.58,60.19
60.46,61.32,60.35,61.13
61.22,61.4,60.75,60.82
60.65,60.81,60.02,60.03
58.77,58.83,57.6,58.26
58.79,58.79,57.98,58.65
57.7,58.53,57.64,58.13
56.88,57.91,56.16,56.69
57.41,57.73,56.53,56.63
57.0,58.12,56.78,57.82
58.39,59.53,58.18,59.46
59.8,60.0,57.8001,57.87
57.51,59.43,56.92100000000001,58.98
57.07,58.39,56.75,58.0
58.67,59.39,58.12,58.55
57.57,57.96,54.94,56.92
57.84,59.38,57.67,59.03
57.55,59.4,57.41,59.17
59.36,59.38,57.61,57.71
57.92,58.865,57.8,58.61
58.87,58.96,57.255,57.63
58.29,59.42,58.0,59.285
59.78,60.88,59.64,60.77
60.66,61.785,60.27,61.4
60.66,60.9,60.18,60.695
60.88,61.13,58.5,59.53
59.41,59.4487,57.99,58.29
58.1,58.2,54.25,54.49
53.09,54.47,52.63,54.14
53.19,55.2886,53.17,54.42
55.28,56.35,55.01,55.14
53.89,55.39,53.55,54.92
55.56,56.04,55.04,55.86
56.79,56.85,55.98,56.41
56.7,57.66,56.16,57.63
57.57,57.57,56.67,56.96
56.92,57.86,56.52,57.67
58.63,58.95,58.17,58.87
58.45,58.9,58.0,58.46
57.21,58.35,56.28,58.11
58.46,58.75,58.0,58.75
59.0,59.21,57.92,58.34
58.25,59.15,58.1,58.21
58.77,60.2,58.5,60.04
59.83,60.0,58.83,59.56
59.12,59.2,58.2,59.04
59.14,59.19,58.23,58.7
58.44,58.67,57.31,58.0
57.58,58.23,57.26,57.6
57.78,57.97,56.79,57.07
57.51,57.86,56.92,57.52
58.1,58.1,56.57,57.59
57.58,58.78,57.5,58.65
58.32,59.1566,58.17,59.08
58.65,59.82,58.65,59.67
59.47,59.98,59.37,59.55
59.91,60.45,59.4295,59.7
59.56,59.8609,59.015,59.1
59.0,59.55,58.57,59.38
59.14,59.395,58.69,58.83
58.7,58.79,58.28,58.36
58.56,59.47,58.4,58.96
58.82,59.735,58.82,59.55
60.0,60.26,59.51,60.01
59.77,60.21,59.68,59.7
59.61,61.17,59.41,61.02
61.1,61.1839,60.08,60.25
59.88,60.23,59.44,60.04
60.02,60.91,59.91,60.83
60.59,61.54,60.54,61.17
61.5,61.64,60.7,61.04
61.22,61.5,60.78,60.9
58.95,59.68,58.37,59.5
60.32,61.08,59.75,60.21
60.26,60.4,59.91,60.13
60.24,60.6246,60.01,60.51
60.69,61.07,60.355,60.89
61.16,61.25,60.48,60.9
61.04,61.43,60.85,60.9
60.9,61.1,60.48,60.64
59.01,59.1,57.03,57.68
57.62,57.96,57.58,57.77
58.05,58.67,57.56,57.72
57.51,57.65,56.62,56.9
56.59,57.36,56.32,56.42
56.02,56.43,55.29,56.23
56.29,57.37,56.11,57.36
56.7,57.059,56.14,56.25
55.98,56.65,55.8,56.39
56.37,56.77,56.01,56.25
55.96,56.32,55.38,56.31
56.32,56.93,56.23,56.64
56.85,57.6,56.71,57.49
57.13,57.39,56.09,56.23
56.57,56.79,55.82,56.3
56.43,56.6,55.73,55.82
55.7,55.77,55.2,55.53
55.38,55.64,54.51,54.88
54.76,55.17,54.38,54.8
54.43,54.615,54.19,54.55
54.88,55.3736,54.58,54.62
54.62,54.8171,54.291,54.6
54.74,55.62,54.68,55.44
55.2,55.46,54.95,55.15
55.55,55.8699,54.95,55.29
55.36,55.55,55.1,55.15
55.5,55.5,54.7,54.89
54.76,55.49,54.72,54.82
54.9,55.0,54.455,54.62
54.71,55.08,54.4,54.61
54.72,55.87,54.69,55.59
55.65,56.1,55.28,55.3
55.5,55.5,54.9,55.22
55.15,55.61,55.06,55.58
54.92,55.2,54.5,54.865
54.79,55.6,54.76,55.04
55.05,55.58,55.0101,55.57
55.64,56.09,55.27,55.35
54.9,55.59,54.41,55.53
55.61,55.62,55.04,55.31
55.77,56.28,55.38,55.38
55.52,56.03,55.45,55.81
55.88,55.98,55.49,55.61
55.98,56.195,55.9,56.13
54.05,55.57,54.01,54.68
54.2,54.48,53.41,53.69
54.1,54.9,53.95,54.85
55.42,56.945,55.36,56.74
56.81,57.19,56.51600000000001,57.12
57.04,57.36,56.845,56.99
56.81,56.96,56.55,56.77
56.52,57.11,56.32,56.75
56.66,57.0,56.47,56.91
56.92,57.0,56.36,56.51
56.8,56.92,56.06,56.32
56.65,57.6,56.505,57.48
56.8,57.26,56.35,56.48
57.0,57.68,56.97,57.59
57.69,57.74,57.125,57.41
57.59,57.59,56.85,56.92
56.85,57.135,56.545,56.76
57.0,57.66,56.705,57.54
57.62,57.67,57.0375,57.6
57.6,58.24,57.2,57.9
57.72,58.09,57.5,57.95
58.58,58.84,58.2,58.31
58.38,58.4,57.67,57.85
57.88,58.31,57.74,58.21
58.18,58.43,57.92,58.05
58.0,58.05,57.43,57.63
57.25,57.34,56.54,56.73
56.46,56.59,55.72,55.94
56.05,56.29,55.38,55.42
55.8,56.12,55.52,55.9
55.97,55.99,55.17,55.36
55.39,55.71,55.18,55.2
55.37,55.71,55.11,55.62
55.75,55.96,55.46,55.47
55.27,55.745,55.23,55.47
55.65,55.7,55.18,55.25
55.25,55.57,54.92,55.37
55.77,55.92,55.43,55.8
55.78,55.9,55.49,55.53
55.46,55.56,54.85,54.94
54.98,55.92,54.95,55.85
56.17,56.54,56.0,56.4
57.0,57.98,56.95,57.09
57.04,57.45,56.9,57.29
57.48,57.83,56.995,57.29
57.22,57.48,56.61,56.8
56.66,56.75,56.01,56.4
56.31,56.42,55.905,56.23
56.3,56.56,55.83,56.31
56.52,56.65,55.985,56.18
56.18,56.42,55.69,56.02
56.19,56.6,56.12,56.32
56.1,56.15,55.2,55.3
55.14,55.2,54.3,54.35
53.92,54.79,53.92,54.71
54.39,54.55,53.75,53.98
54.26,54.35,53.8,53.9
53.96,54.13,53.54,54.11
53.94,54.09,53.41,53.74
53.96,53.9739,52.9,53.01
53.4,53.435,53.05,53.3
53.43,54.03,53.28,53.98
54.2,54.6,53.965,54.39
54.0,54.56,54.0,54.43
54.28,54.34,53.86,54.04
54.0,54.21,53.82,54.19
53.88,54.08,53.53,53.98
53.88,53.995,52.91,53.45
53.65,54.385,53.56,54.14
54.1,54.15,53.665,53.84
54.13,54.13,53.41,53.53
53.5,53.76,53.275,53.35
53.3,53.48,53.03,53.14
53.37,53.605,53.0,53.46
53.53,53.6,53.27,53.3
53.13,53.4,52.74,52.92
53.01,53.47,52.78,53.16
52.88,53.13,52.6662,52.95
53.12,53.37,52.96,53.08
52.94,53.145,52.69,52.76
53.24,53.3197,52.59,52.61
52.91,53.74,52.9,53.15
53.36,53.74,52.91,53.59
53.42,53.7,53.25,53.63
53.9,54.46,53.8939,54.18
54.1,54.17,53.5,53.67
53.6,53.84,53.355,53.63
53.6,53.83,53.13,53.59
53.65,53.84,53.11,53.53
53.7,53.7,53.055,53.07
53.14,53.21,52.085,52.5
52.34,53.46,52.31,52.98
52.99,53.0,51.34,51.77
51.43,53.74,50.84,52.75
53.5,54.68,53.19,54.49
54.4,54.79,54.115,54.62
53.2,54.82,52.8,54.58
54.64,54.817,53.51,53.57
53.43,53.99,53.25,53.93
53.93,54.47,53.5,54.22
54.09,54.69,53.9,54.59
54.33,55.52,54.26,55.44
55.215,55.9,55.06,55.85
55.72,56.12,55.42,55.77
55.51,56.16,55.51,56.1
56.32,57.15,55.88,57.12
56.91,57.64,56.9,57.59
57.7,57.7,57.255,57.43
57.0,57.86,56.76,57.59
57.64,58.21,57.5,58.17
58.19,58.25,57.86,57.97
57.34,58.52,57.2,58.51
56.649,57.75,56.57,57.21
56.96,57.84,56.96,57.5
57.66,57.7,57.14,57.44
57.54,58.85,57.45,58.76
59.0,59.25,58.4118,58.65
58.92,58.95,58.43,58.75
58.54,58.79,58.34,58.77
58.99,59.54,58.66,59.31
59.03,59.25,58.6,58.75
57.9675,58.21,57.52,57.71
58.01,58.07,57.56,57.66
57.44,57.98,57.44,57.65
57.81,58.06,57.32,57.7
57.5,57.87,57.41,57.44
57.31,57.4,56.72,57.11
57.29,57.36,56.89,57.01
56.99,57.3869,56.81,56.86
56.8,56.9,56.25,56.35
56.35,56.47,56.135,56.32
56.28,56.45,55.4,55.52
55.91,55.95,55.04,55.35
55.56,56.195,55.38,55.99
56.08,56.53,55.8099,56.46
56.63,57.27,56.08,57.13
57.26,58.335,57.25,58.2
58.22,58.26,57.83,57.88
57.8,58.12,57.59,58.1
58.0,58.13,57.64,58.03
58.03,58.1,57.65,57.85
57.62,58.25,57.41,58.0
58.32,58.58,58.03,58.45
58.31,58.45,57.715,57.89
58.14,58.2,57.41,57.66
57.42,57.9,57.15,57.76
57.93,58.5,57.76,58.44
58.67,58.93,58.45,58.7
58.7,59.0,58.26,58.46
55.75,56.59,55.65,56.12
56.0,56.24,55.58,55.9
55.8,55.87,54.88,55.22
55.49,55.5,53.81,53.9
54.04,54.39,53.85,53.87
54.21,55.1,54.01,55.06
55.01,55.75,54.9,55.73
55.79,55.84,55.1801,55.24
55.19,55.4957,55.1,55.22
55.23,56.12,55.21,55.81
55.73,56.395,55.56,56.22
56.5,56.66,56.03,56.11
56.02,56.61,56.02,56.58
56.56,56.88,56.305,56.86
56.96,56.99,56.53,56.73
56.8,57.57,56.71,57.35
57.41,57.81,57.4,57.54
57.52,57.85,57.35,57.57
57.6,57.79,57.39,57.64
57.61,57.71,57.145,57.48
57.24,57.3,56.66,56.78
56.71,57.06,56.55,56.87
57.27,57.4,56.94,57.14
57.07,57.19,56.85,57.12
56.7,57.26,56.7,57.1
56.78,56.81,56.33,56.68
56.58,56.75,56.02,56.2
56.15,56.35,55.54,55.74
55.75,55.8,54.81,55.19
55.39,55.4,54.415,54.53
54.57,54.8847,54.4,54.63
54.62,54.74,54.19,54.27
54.39,54.65,54.09,54.54
54.85,54.985,54.66,54.8
55.04,56.13,54.95,55.78
55.87,56.05,55.51,55.81
56.05,56.45,55.485,55.54
55.68,56.04,55.51,55.89
56.15,56.425,55.78,55.85
56.11,57.38,55.9,56.81
56.66,57.45,56.46,57.23
57.1,57.52,57.025,57.35
57.17,57.85,57.13,57.54
57.45,58.3,57.42,58.16
58.105,58.66,58.06,58.39
58.28,58.47,57.89,58.44
58.37,58.41,58.01,58.32
57.96,59.27,57.81,58.22
58.13,58.36,57.73,57.92
57.8,58.25,57.55,58.02
58.0,58.21,57.73,57.95
57.74,58.16,57.38,57.88
57.88,57.895,57.48,57.58
57.61,57.79,57.45,57.51
57.68,58.25,57.68,58.08
57.59,58.48,57.59,58.35
58.6,59.49,58.5,59.04
59.71,60.335,59.56,60.08
60.2,60.69,60.15,60.61
61.0,61.38,60.89,61.11
60.65,61.21,59.9237,60.96
61.23,61.75,60.98,61.56
61.63,61.94,61.19,61.3
59.41,60.18,58.99,60.06
60.0,60.6,59.7619,60.18
60.15,60.52,60.04,60.5
60.52,60.665,60.255,60.59
60.65,60.85,60.39,60.83
60.86,60.99,60.58,60.95
61.07,61.07,60.7,60.94
60.58,61.08,60.57,60.98
60.88,60.98,60.21,60.66
60.45,60.51,60.03,60.27
60.28,60.34,59.83,59.93
60.42,60.49,60.125,60.45
60.68,60.7,59.88,59.98
59.97,60.3239,59.55,59.73
59.73,59.94,58.87,59.82
59.94,61.92,59.94,61.36
61.03,61.72,61.03,61.23
61.4,61.5,60.86,61.15
61.4,62.0,60.94,61.89
62.01,63.11,61.9,62.9
63.01,63.42,62.97,63.3
63.07,63.41,63.01,63.26
63.27,63.61,63.08,63.61
63.51,63.82,63.35,63.75
63.88,64.68,63.7,64.57
64.85,64.87,64.18,64.27
64.22,64.35,64.05,64.16
64.13,64.295,63.34,63.5
63.44,63.58,62.02,62.24
62.37,62.48,61.8745,62.19
61.8,61.99,60.63,61.29
61.12,61.255,60.59,60.92
60.67,60.82,59.86,60.27
59.92,60.28,59.51,60.09
59.89,60.16,59.47,60.14
60.35,61.0,60.11,60.9
60.98,61.0,59.7,59.86
60.0,60.31,59.71,59.96
60.09,60.1,59.4,59.51
59.76,60.17,59.58,59.81
60.02,60.15,59.33,59.64
59.54,59.69,58.81,58.96
59.06,59.25,58.8,59.18
59.17,59.18,57.955,58.36
58.68,58.95,58.29,58.31
58.9,58.99,58.25,58.25
58.43,58.5,57.8,57.94
57.8,57.92,57.4,57.6
57.79,58.36,57.54,58.04
58.18,58.35,57.75,57.81
57.91,58.08,57.53,57.9
58.21,58.71,58.02,58.54
58.8,58.87,58.12,58.38
58.4,58.92,58.28,58.76
58.73,58.87,58.28,58.33
58.12,58.58,57.69,58.21
58.15,58.41,57.9,58.11
58.41,58.84,58.0,58.03
57.92,58.26,57.83,57.98
58.0,58.25,57.93,58.02
58.215,58.84,57.98,58.55
58.8,58.84,57.7847,57.94
58.25,59.66,57.93,59.5
55.23,55.96,53.41,54.0
54.48,54.68,53.95,53.98
54.57,54.79,53.97,54.73
54.75,55.45,54.6702,55.43
55.64,56.12,55.5,55.68
55.97,56.05,55.09,55.44
55.6,55.93,55.42,55.63
55.55,55.58,54.36,54.52
54.43,54.43,53.3,53.74
53.52,53.7453,52.99,53.07
53.05,53.4,53.05,53.18
53.6,53.6,53.18,53.22
53.41,53.42,52.89,53.15
53.26,53.92,53.25,53.5
53.32,53.78,52.99,53.04
52.92,53.085,52.58,52.7
53.14,53.52,52.8,53.15
53.49,54.74,53.39,54.45
53.96,54.1,53.65,54.08
54.26,54.445,53.77,53.94
54.62,54.69,54.19,54.36
54.54,54.58,54.02,54.4
54.04,54.29,54.0,54.1
54.04,54.62,54.04,54.52
54.68,54.99,54.57,54.86
54.9,55.155,54.88,54.93
54.95,55.2,54.6,55.13
55.12,55.275,54.13,54.31
54.42,54.675,53.25,53.47
53.39,53.78,53.05,53.49
53.79,54.13,53.61,54.02
53.98,54.05,53.33,53.54
53.55,54.72,53.4866,54.29
54.38,54.71,54.1,54.53
54.44,54.79,54.16,54.67
54.8,54.97,54.57,54.69
54.84,54.88,54.56,54.62
54.58,55.18,54.58,55.15
55.05,55.17,54.86,55.01
55.05,55.2,54.86,55.09
54.98,55.22,54.7,54.95
55.06,55.22,54.795,55.13
55.25,55.6,54.96,54.99
54.81,55.08,54.45,54.5
54.31,54.47,53.36,53.71
53.86,54.04,53.75,53.81
54.0,54.34,53.9,53.99
54.12,54.2,53.69,53.93
54.06,54.97,53.92,54.6
54.51,55.45,54.245,55.17
55.37,55.49,54.96,55.02
55.1,55.8492,55.08,55.42
55.46,55.8,55.26,55.64
55.67,56.27,55.309,55.97
56.0,56.43,55.61,55.72
55.67,55.8,54.89,54.91
54.86,55.23,54.29,54.51
54.46,55.43,54.22,55.21
55.08,55.5423,54.9,55.4
55.31,55.4,54.175,54.57
54.77,54.935,54.18,54.27
54.37,54.56,54.02,54.28
54.24,54.39,53.66,54.16
54.5,55.75,54.5,54.91
54.83,55.12,54.68,54.88
54.79,55.23,54.4,55.17
55.16,55.305,54.7,54.84
55.1,55.59,54.94,55.13
55.15,55.39,54.77,54.87
54.16,56.94,54.05,56.03
55.99,56.69,55.63,56.57
56.33,57.29,56.33,57.22
57.03,58.01,57.0,57.91
57.2,57.66,56.785,57.36
57.36,57.39,56.54,57.04
56.81,57.14,56.55,56.64
56.47,57.0,56.41,56.93
56.82,57.06,56.51,56.7
56.92,57.42,56.75,57.24
57.24,57.43,56.84,56.93
56.67,57.05,56.58,56.81
56.96,57.56,56.88,57.26
57.07,57.18,56.795,57.14
57.19,57.19,56.71,56.8
56.83,56.9207,55.75100000000001,55.91
56.03,56.72,55.9101,56.66
56.71,57.68,56.7,57.51
57.64,58.1399,57.47,57.82
57.5,57.71,56.46100000000001,57.32
57.54,59.19,57.5,58.76
59.25,59.68,58.91,59.34
59.38,59.83,59.23,59.28
59.12,59.275,58.761,59.14
58.52,58.845,58.1,58.61
58.39,59.35,58.29,59.07
58.99,59.36,58.87,59.27
59.44,59.89,59.3,59.49
59.73,60.05,59.44,59.7
59.25,59.37,58.1574,58.29
58.44,58.786,57.89,58.03
58.13,58.575,57.93,58.01
58.22,58.29,57.69,57.73
57.94,58.145,57.49,57.58
57.57,57.91,57.12,57.3
57.27,57.5799,57.05,57.14
57.19,57.65,57.18,57.27
57.47,58.0,57.3,57.81
57.74,57.97,57.42,57.43
57.95,58.21,57.48,57.63
57.93,58.96,57.8,58.71
58.99,59.41,58.73,58.93
59.25,59.69,59.07,59.61
59.48,59.67,58.56,59.31
59.2,59.47,58.86,59.18
59.24,60.13,58.855,59.82
59.76,60.02,59.4541,60.0
60.4,60.51,59.65,60.4
60.33,61.1,60.3,60.56
61.0,61.33,60.52,60.66
61.43,61.44,60.735,61.09
61.21,61.46,60.95,61.26
61.04,61.47,60.77,61.41
61.32,61.91,61.14,61.69
61.51,61.94,60.2326,60.83
61.03,61.2,60.4,60.55
57.94,58.17,56.55,57.99
57.55,58.35,56.91,57.02
56.96,57.54,56.74,57.19
57.23,57.45,56.7,56.81
56.28,56.42,55.89,56.0
55.9,56.32,55.7,55.77
55.53,56.26,54.57,54.69
53.685,56.06,53.56,55.61
55.08,55.43,54.44,54.46
